Time, GyroX, GyroY, GyroZ, AccX, AccY, AccZ, Pressure, TempMS, Height, KalHeight
379458,-0.57,-3.22,0.29,0.01,0.99,-0.13,1018.55,6.24,-12.37,-12.37
379528,-1.57,-3.13,-0.33,0.01,0.98,-0.12,1018.55,6.24,-12.37,-12.37
379600,0.07,-2.76,2.16,0.02,0.99,-0.12,1018.44,6.24,-11.5,-11.49
379670,-0.27,-2.82,0.43,0.01,0.99,-0.12,1018.55,6.24,-12.37,-12.37
379741,0.92,1.29,-0.15,0.01,0.99,-0.13,1018.55,6.24,-12.37,-12.37
379811,0.07,0.14,2.83,0,0.98,-0.13,1018.55,6.24,-12.37,-12.37
379893,0.68,-1.95,1.36,0.01,0.99,-0.12,1018.55,6.24,-12.37,-12.37
379950,1.43,0.23,0.46,0.01,0.99,-0.12,1018.44,6.24,-11.5,-11.49
380019,1.04,-2.7,-0.55,0.02,0.98,-0.13,1018.55,6.24,-12.37,-12.37
380090,-1.95,1.77,-0.44,0.01,0.99,-0.14,1018.55,6.24,-12.37,-12.37
380161,-0.94,-2.53,0.7,0.02,0.99,-0.13,1018.44,6.24,-11.5,-11.49
380232,-1.78,-0.03,-0.65,0.01,0.98,-0.13,1018.6,6.26,-12.77,-12.77
380303,0.4,-0.26,2.02,0,0.99,-0.12,1018.44,6.24,-11.5,-11.49
380373,0.88,-2.26,0.72,0.01,0.99,-0.12,1018.44,6.24,-11.5,-11.5
380443,-2.9,7.51,-3.2,0.08,1.07,0.16,1018.44,6.24,-11.5,-11.5
380512,-1.89,13.62,-6.64,0.04,0.9,-0.41,1018.55,6.24,-12.37,-12.37
380585,-1.75,21.62,-4.78,-0.5,0.91,-0.91,1018.44,6.24,-11.5,-11.49
380658,-1.29,15,-2.13,-0.05,1.03,-0.23,1018.55,6.24,-12.37,-12.37
380731,-0.93,-43.13,-6.68,-0.3,1.9,-0.59,1018.44,6.24,-11.5,-11.49
380804,1.87,-58.96,1.5,0.08,2,0.27,1018.44,6.24,-11.5,-11.5
380874,17.59,-10.44,12.02,-0.67,2,-0.29,1018.22,6.24,-9.74,-9.74
380946,25.94,85.01,10.51,-1.01,2,-1.75,1018.22,6.24,-9.74,-9.74
381017,92.22,151.13,35.5,-0.35,2,-0.55,1018.11,6.24,-8.86,-8.86
381089,156.71,-182.99,40.84,-0.05,2,0.1,1018,6.24,-7.99,-7.98
381162,171.35,-244.3,-1.92,-0.18,2,0.01,1017.79,6.24,-6.31,-6.3
381235,148.14,-179.83,-55.14,-0.1,2,0.14,1017.68,6.24,-5.43,-5.43
381309,67.96,-118.61,-90.38,-0.03,2,0.27,1017.57,6.24,-4.55,-4.55
381382,-37.14,-58.96,-75.3,-0.08,2,0.17,1017.35,6.24,-2.8,-2.79
381455,-81.46,-7.54,-19.74,-0.06,2,0.09,1017.02,6.24,-0.16,-0.15
381526,-76.51,8,39.44,-0.09,2,-0.1,1017.02,6.24,-0.16,-0.16
381597,-13.78,-46.09,56.74,-0.03,2,0.04,1016.81,6.24,1.52,1.52
381667,65.14,-86.07,32.98,-0.27,2,-0.42,1016.48,6.24,4.16,4.16
381737,44.92,-97.88,-43.36,-0.1,2,0.04,1016.31,6.26,5.51,5.52
381807,13.3,-67.55,-69.94,-0.24,2,-0.31,1016.04,6.24,7.67,7.68
381877,18.81,-39.45,-55.22,-0.13,2,0,1015.72,6.24,10.23,10.24
381950,32.52,-23.72,10.38,0.07,2,0.25,1015.39,6.24,12.88,12.88
382024,-5.8,-22.94,14.96,-0.04,2,0.33,1015.06,6.24,15.52,15.52
382091,-11.73,3.1,-9.97,-0.12,2,-0.29,1014.74,6.24,18.08,18.09
382162,41.12,-30.3,-9,-0.14,2,-0.08,1014.52,6.24,19.84,19.85
382234,35.06,3.87,26.23,0.01,2,0.24,1013.97,6.24,24.25,24.26
382301,4.25,30.54,-14.32,-0.29,2,-0.34,1013.65,6.24,26.82,26.82
382372,12.04,55.83,-16.42,-0.2,2,-0.25,1013.21,6.24,30.35,30.36
382444,2.68,91.61,-0.04,-0.23,2,-0.02,1012.77,6.24,33.88,33.89
382514,22.86,86.57,8.11,0.05,2,0.49,1012.34,6.24,37.33,37.34
382582,-26.93,126.14,-0.06,-0.12,2,0.01,1011.9,6.24,40.87,40.88
382653,52.07,137.22,30.57,-0.16,2,-0.12,1011.47,6.24,44.33,44.33
382725,12.92,151.83,5.53,0.04,0.24,-0.02,1011.03,6.24,47.86,47.87
382795,-19.31,99.39,21.42,-0.01,-0.42,-0.15,1010.81,6.24,49.64,49.64
382868,12.51,64.86,4.67,-0.13,-0.41,-0.28,1010.6,6.24,51.33,51.33
382939,10.16,47.32,-1.05,-0.04,-0.4,-0.21,1010.16,6.24,54.87,54.88
383011,-18.12,55.87,11.73,-0.1,-0.39,-0.28,1009.83,6.24,57.53,57.53
383087,4.6,58.86,12.22,-0.1,-0.37,-0.31,1009.34,6.26,61.48,61.49
383155,13.49,50.48,8.9,-0.04,-0.35,-0.22,1008.9,6.26,65.02,65.03
383225,-11.51,49.74,6.52,-0.09,-0.34,-0.28,1008.53,6.24,68.01,68.02
383297,11.73,60.28,12.87,-0.05,-0.34,-0.33,1008.14,6.26,71.16,71.17
383369,23.88,39.25,4.11,-0.07,-0.35,-0.22,1007.76,6.24,74.23,74.23
383440,-7.19,25.38,2.66,-0.03,-0.33,-0.18,1007.33,6.24,77.7,77.71
383511,2.98,21.16,-4.2,-0.13,-0.3,-0.33,1007,6.24,80.37,80.37
383582,17.33,43.59,3.88,-0.03,-0.3,-0.3,1006.83,6.26,81.74,81.74
383652,26.22,42.54,26.66,-0.08,-0.28,-0.23,1006.35,6.24,85.62,85.63
383724,8.91,16.4,4.4,-0.08,-0.28,-0.21,1006.02,6.24,88.29,88.3
383794,-6.24,-0.09,-10.88,-0.04,-0.26,-0.22,1005.85,6.26,89.67,89.67
383867,18.36,21.22,4.17,-0.06,-0.26,-0.3,1005.42,6.26,93.15,93.16
383938,36.92,10.41,3.51,-0.04,-0.27,-0.23,1005.09,6.26,95.82,95.83
384009,15.46,28.43,11.16,-0.06,-0.26,-0.25,1004.71,6.24,98.91,98.91
384081,4.17,18.52,6.17,-0.07,-0.24,-0.29,1004.39,6.24,101.5,101.51
384165,25.46,20.34,10.48,-0.01,-0.23,-0.21,1004.11,6.26,103.77,103.78
384226,15.38,17.59,17.99,-0.01,-0.23,-0.18,1003.73,6.24,106.85,106.86
384300,2.13,8.2,18.67,0.01,-0.22,-0.19,1003.08,6.24,112.13,112.14
384371,11.04,14.37,40.09,-0.03,-0.22,-0.22,1003.19,6.24,111.24,111.23
384445,25.2,6.98,5.96,-0.04,-0.22,-0.21,1003.02,6.26,112.62,112.62
384517,22.52,5.12,-17.42,-0.03,-0.21,-0.15,1002.65,6.24,115.62,115.63
384591,4.49,0.78,-7.63,0,-0.21,-0.18,1002.32,6.24,118.31,118.31
384662,5.36,10.37,27.25,-0.01,-0.2,-0.23,1002.15,6.26,119.69,119.69
384735,20.81,7.77,32.35,-0.04,-0.18,-0.21,1001.88,6.24,121.88,121.89
384807,24.45,-0.65,5.96,-0.06,-0.18,-0.18,1001.66,6.24,123.67,123.68
384881,19.17,6.17,-3.81,-0.04,-0.18,-0.19,1001.34,6.24,126.28,126.28
384953,16.94,0.95,11.73,-0.01,-0.17,-0.21,1001.23,6.24,127.17,127.17
385026,30.51,7.18,9.85,-0.01,-0.17,-0.21,1001.01,6.24,128.96,128.97
385098,51.88,-4.44,5.48,-0.02,-0.18,-0.16,1000.79,6.24,130.75,130.76
385171,26.13,9.16,-3.8,-0.05,-0.17,-0.19,1000.58,6.24,132.46,132.47
385244,4.4,18.17,-12.32,-0.01,-0.16,-0.15,1000.41,6.26,133.85,133.85
385318,6.77,-0.53,-2.94,-0.03,-0.16,-0.25,1000.25,6.24,135.15,135.16
385391,33.93,-5.8,15.96,-0.05,-0.16,-0.25,999.92,6.24,137.84,137.85
385464,43.3,1.82,24.66,-0.04,-0.15,-0.22,999.81,6.24,138.74,138.74
385536,33.99,8.86,18.49,-0.03,-0.15,-0.14,999.7,6.24,139.64,139.64
385608,13.07,13.68,3.22,-0.03,-0.14,-0.17,999.7,6.24,139.64,139.64
385680,10.78,3.38,11.18,-0.01,-0.13,-0.19,999.38,6.24,142.25,142.25
385755,31,-9,33.21,-0.01,-0.13,-0.18,999.16,6.24,144.04,144.05
385824,21.35,-0.94,35.09,-0.02,-0.13,-0.17,999.05,6.24,144.94,144.94
385897,28.11,1.53,13.97,-0.04,-0.12,-0.18,998.83,6.24,146.73,146.74
385969,21.14,-1.07,1.07,-0.04,-0.13,-0.24,998.72,6.24,147.63,147.64
386041,28.19,-0.35,-2.65,-0.01,-0.11,-0.2,998.61,6.24,148.53,148.53
386114,33.21,-8.73,18.05,-0.01,-0.11,-0.2,998.51,6.24,149.35,149.35
386187,36.23,-13.33,24.9,-0.02,-0.11,-0.16,998.4,6.24,150.25,150.25
386261,20.78,-2.26,17.87,-0.04,-0.11,-0.18,998.29,6.24,151.14,151.15
386334,13.65,5.19,9.01,-0.02,-0.11,-0.2,998.29,6.24,151.14,151.14
386405,37.43,0.08,8.34,-0.01,-0.1,-0.19,998.07,6.24,152.94,152.95
386475,54.28,-12.24,9.15,-0.01,-0.1,-0.2,997.96,6.24,153.84,153.84
386548,54.08,-15,18.93,0,-0.11,-0.16,997.96,6.24,153.84,153.84
386621,32.91,-9.95,25.21,0,-0.11,-0.16,997.79,6.26,155.23,155.23
386694,16.46,-10.76,30.02,-0.01,-0.1,-0.16,997.85,6.24,154.74,154.74
386768,10.74,-11.13,20.8,-0.03,-0.1,-0.15,997.74,6.24,155.64,155.64
386842,16.16,-9.54,3.93,-0.02,-0.09,-0.19,997.53,6.24,157.35,157.36
386914,40.04,-15.19,-0.21,-0.02,-0.08,-0.21,997.63,6.24,156.54,156.54
386988,58.49,-26.42,4.09,0,-0.08,-0.18,997.63,6.24,156.54,156.54
387061,62.77,-33.95,10.75,0.01,-0.1,-0.15,997.53,6.24,157.35,157.36
387134,47.36,-25.52,16.46,0,-0.09,-0.17,997.53,6.24,157.35,157.35
387207,37.41,-24.73,27.33,0,-0.09,-0.17,997.53,6.24,157.35,157.35
387281,32.39,-16.59,22.8,-0.02,-0.09,-0.17,997.58,6.26,156.95,156.95
387358,33.04,-13.46,17.27,-0.02,-0.08,-0.16,997.53,6.24,157.35,157.36
387428,31.87,-11.2,12.05,-0.01,-0.08,-0.18,997.58,6.26,156.95,156.95
387502,36.75,-20.44,8.02,0,-0.08,-0.18,997.42,6.24,158.25,158.26
387575,38.37,-22.75,9.33,-0.01,-0.08,-0.18,997.58,6.26,156.95,156.94
387648,34.89,-25.37,13.13,-0.02,-0.08,-0.19,997.63,6.24,156.54,156.54
387722,38.17,-26.75,13.58,0,0.04,-0.15,997.63,6.24,156.54,156.54
387795,3.18,-136.79,30.64,-0.07,-0.23,-0.3,997.42,6.24,158.25,158.26
387869,-73.93,133.33,20.49,-0.53,-1.17,-0.46,997.03,6.26,161.44,161.45
387944,-339.43,411.39,-329.11,0.17,-0.2,-0.31,996.49,6.26,165.86,165.87
388021,-180.48,109.97,-73.22,1.22,-0.17,-0.85,996.49,6.26,165.86,165.86
388097,92.81,-130.78,491.38,0.91,-0.45,-1.4,996.59,6.26,165.04,165.04
388172,501.09,501.82,500.11,-0.64,-2,-1.2,997.14,6.26,160.54,160.53
388248,-487.84,501.82,-421.05,0.46,-2,2,998.23,6.26,151.64,151.61
388324,501.09,-498.71,500.11,-1.74,-2,-0.81,997.68,6.26,156.13,156.14
388401,501.09,501.82,500.11,-2,-2,-2,997.47,6.26,157.85,157.85
388477,-499.44,501.82,500.11,-0.15,0.3,0,997.68,6.26,156.13,156.12
388553,-499.44,501.82,-500.42,-0.45,1.01,-0.31,997.62,6.28,156.62,156.62
388630,-49.95,-498.71,490.35,2,-1.23,2,998.01,6.26,153.43,153.42
388705,501.09,-498.71,-500.42,1.24,-2,1.52,998.23,6.26,151.64,151.63
388782,-93.81,-498.71,-500.42,-1.54,-1.14,0.21,998.28,6.28,151.23,151.22
388859,-499.44,-498.71,-13.74,-0.75,-1.14,0.46,998.23,6.26,151.64,151.64
388936,-499.44,501.82,-500.42,-1.41,-1.75,-0.67,998.34,6.26,150.74,150.73
389014,501.09,501.82,-279.25,0.7,-1.97,0.82,998.45,6.26,149.84,149.84
389088,-41,60.25,41.25,-0.29,-1.34,0.02,998.61,6.28,148.53,148.53
389162,-370.41,42.93,-207.57,0.03,-1.17,-0.64,998.56,6.26,148.94,148.94
389238,435.88,-498.71,306.08,1.38,-0.33,-0.8,998.56,6.26,148.94,148.94
389314,501.09,-498.71,163.67,-0.45,-0.53,0.01,998.56,6.26,148.94,148.94
389390,448.25,86.25,-500.42,0,-0.42,0.33,998.66,6.26,148.12,148.12
389465,425.99,-151.83,-500.42,0.2,-0.46,-0.29,998.66,6.26,148.12,148.12
389542,-215.11,-498.71,-170.04,1.3,-0.36,0.78,998.99,6.26,145.43,145.42
389619,501.09,-498.71,294.48,-0.2,-0.04,0.06,998.99,6.26,145.43,145.43
389695,451.47,-498.71,-500.42,0.36,-0.26,0.64,998.66,6.26,148.12,148.13
389771,-283.54,-498.71,-500.42,-2,-1.99,-0.3,998.88,6.26,146.33,146.32
389850,228.11,439.44,-500.42,1.26,-2,-0.87,999.1,6.26,144.53,144.53
389926,501.09,-498.71,-218.33,0.03,-1.62,-1.25,999.21,6.26,143.63,143.63
390004,173.59,-498.71,-450.26,0.69,-1.74,0.52,999.21,6.26,143.63,143.63
390080,-261.99,-498.71,228.32,0.07,-1.4,0.35,999.32,6.26,142.74,142.73
390156,-58.62,-498.71,-63.48,-0.28,-1.56,0.52,999.43,6.26,141.84,141.84
390232,-206.33,-498.71,487.41,0.36,-0.91,0.23,999.32,6.26,142.74,142.74
390308,501.09,-498.71,-56.36,-0.37,-1.41,-0.02,999.54,6.26,140.94,140.94
390385,135.58,-498.71,-500.42,0.12,-1.49,-0.24,999.64,6.26,140.13,140.12
390462,305.2,-45.08,-500.42,0.1,-0.94,-0.89,999.54,6.26,140.94,140.94
390538,501.09,319.8,-212,0.36,-0.64,-0.42,999.54,6.26,140.94,140.94
390614,501.09,-101.33,343.58,0.56,-0.54,-0.14,999.6,6.24,140.45,140.45
390690,501.09,-498.71,421.01,0.52,-0.89,0.17,999.64,6.26,140.13,140.13
390765,501.09,-498.71,37.51,0.63,-1.52,0.39,999.75,6.26,139.23,139.23
390839,161.85,-498.71,-454.9,0.17,-1.87,0.5,999.86,6.26,138.33,138.33
390915,-304.76,-498.71,40.67,0.01,-1.56,0.49,1000.08,6.26,136.54,136.53
390991,268.46,-498.71,188.96,-0.05,-1.44,0.25,999.97,6.26,137.44,137.44
391067,351.38,-498.71,-114.71,0.31,-1.42,-0.06,1000.08,6.26,136.54,136.54
391145,234.98,-498.71,-500.42,-0.12,-1.36,-0.23,1000.19,6.26,135.64,135.64
391225,-7.23,-498.71,-500.42,-0.16,-1.19,-0.61,1000.19,6.26,135.64,135.64
391307,179.09,51.01,-500.42,-0.4,-1.06,-0.66,1000.3,6.26,134.75,134.74
391380,501.09,501.82,-500.42,0.16,-1.48,-0.39,1000.41,6.26,133.85,133.85
391457,501.09,-498.71,-167.4,0.98,-1.4,0.25,1000.41,6.26,133.85,133.85
391534,205,-498.71,-500.42,-0.02,-1.44,0.42,1000.52,6.26,132.95,132.95
391612,-499.44,-498.71,-6.85,-0.01,-0.59,0.52,1000.52,6.26,132.95,132.95
391689,-49.98,-498.71,240.6,-0.16,-0.94,0.81,1000.63,6.26,132.06,132.06
391766,258.42,-498.71,408.57,0.5,-1.21,0.11,1000.63,6.26,132.06,132.06
391842,501.09,-498.71,-500.42,-0.37,-1.51,0.09,1000.73,6.26,131.24,131.24
391920,-379.32,-498.71,-500.42,0.12,-1.24,-0.39,1000.63,6.26,132.06,132.06
391999,127.67,28.9,-500.42,-0.45,-0.81,-1.06,1000.84,6.26,130.35,130.34
392076,501.09,501.82,-188.97,0.3,-1.18,-0.36,1000.84,6.26,130.35,130.35
392157,464.98,402.29,176.28,-0.06,-1.27,0.2,1000.9,6.24,129.86,129.86
392230,51.87,501.82,-5.1,0,-1.16,-0.04,1000.95,6.26,129.45,129.45
392304,3.23,368.92,210.45,0.72,-1.12,-0.15,1001.06,6.26,128.56,128.55
392378,-88.04,-498.71,500.11,0.6,-0.93,0.01,1001.12,6.24,128.07,128.07
392453,401.09,-498.71,500.11,-0.08,-1.3,0.14,1001.17,6.26,127.66,127.66
392531,205.98,-498.71,241.04,-0.04,-1.23,0,1001.28,6.26,126.76,126.76
392608,247.94,-498.71,279.15,0.37,-1.13,-0.33,1001.28,6.26,126.76,126.76
392698,501.09,-498.71,331.44,0.3,-1.22,-0.16,1001.28,6.26,126.76,126.76
392762,501.09,-498.71,-49.65,0.23,-1.36,0.04,1001.39,6.26,125.87,125.87
392838,297.84,-498.71,-281.43,0.18,-1.3,-0.23,1001.39,6.26,125.87,125.87
392916,374.39,-488.46,-321.4,-0.18,-1.03,-0.71,1001.5,6.26,124.98,124.97
392995,501.09,347.76,-193.48,0.35,-1.05,-0.58,1001.5,6.26,124.98,124.98
393072,501.09,-39.34,195.91,0.46,-1.32,0.06,1001.61,6.26,124.08,124.08
393147,351.5,-498.71,217.94,0.23,-1.3,-0.08,1001.66,6.24,123.67,123.67
393224,373.84,-350.32,107.65,0.02,-1.33,-0.49,1001.66,6.24,123.67,123.67
393301,501.09,94,118.14,0.19,-1.26,-0.41,1001.71,6.26,123.27,123.27
393376,501.09,-268.93,300.12,0.43,-1.14,-0.08,1001.82,6.26,122.37,122.37
393453,462.27,-498.71,347.39,0.45,-0.96,0.03,1001.82,6.26,122.37,122.37
393529,501.09,-498.71,200.08,0.41,-1.06,-0.01,1001.93,6.26,121.48,121.47
393607,501.09,-498.71,-166.23,0.19,-1.29,-0.19,1002.04,6.26,120.58,120.58
393685,418.39,-498.71,-500.42,0.08,-1.42,-0.3,1002.15,6.26,119.69,119.68
393763,89.27,-498.71,-500.42,0.08,-1.26,-0.42,1002.15,6.26,119.69,119.69
393840,167.47,39.93,-471.92,0.08,-1.01,-0.6,1002.15,6.26,119.69,119.69
393916,501.09,497.97,-246.79,0.21,-0.87,-0.5,1002.15,6.26,119.69,119.69
393993,501.09,206.77,227.88,0.4,-1.07,-0.19,1002.26,6.26,118.79,118.79
394069,429.07,-87.77,338.23,0.14,-1.35,-0.15,1002.37,6.26,117.9,117.9
394145,234.34,13.32,265.53,0.12,-1.33,-0.2,1002.48,6.26,117,117
394220,193.91,-26.36,350.12,0.29,-1.22,-0.24,1002.43,6.24,117.41,117.41
394296,184.1,-327.86,500.11,0.29,-1.19,-0.12,1002.48,6.26,117,117
394373,134.63,-498.71,488.25,0.12,-1.08,0,1002.59,6.26,116.11,116.11
394450,50.31,-498.71,412.81,0.15,-1.08,0.03,1002.59,6.26,116.11,116.11
394525,6.68,-498.71,495.41,0.37,-1.08,0.06,1002.69,6.26,115.3,115.3
394599,274.34,-498.71,500.11,0.29,-1.27,-0.02,1002.8,6.26,114.41,114.4
394676,501.09,-498.71,215.47,0,-1.42,-0.02,1002.75,6.24,114.81,114.81
394755,374.23,-498.71,-127.19,0.19,-1.35,-0.22,1002.8,6.26,114.41,114.4
394833,461.27,-498.71,-108.41,0.23,-1.09,-0.53,1002.91,6.26,113.51,113.51
394911,501.09,-306.36,-29.08,0.39,-1,-0.4,1003.02,6.26,112.62,112.61
394988,501.09,-498.71,101.88,0.51,-1.05,-0.2,1003.02,6.26,112.62,112.62
395065,501.09,-498.71,74.14,0.39,-1.21,-0.25,1003.13,6.26,111.72,111.72
395141,501.09,-498.71,-135.16,0.19,-1.38,-0.27,1003.24,6.26,110.83,110.83
395219,487.75,-498.71,-360.81,0.14,-1.49,-0.27,1003.24,6.26,110.83,110.83
395297,308.42,-437.37,-418.29,0.17,-1.22,-0.48,1003.24,6.26,110.83,110.83
395375,501.09,-34.84,-270.71,0.3,-1.02,-0.62,1003.24,6.26,110.83,110.83
395452,501.09,-77.98,45,0.45,-1.03,-0.27,1003.35,6.26,109.94,109.94
395527,501.09,-498.71,194.29,0.38,-1.08,-0.1,1003.35,6.26,109.94,109.94
395605,501.09,-498.71,103.79,0.26,-1.22,-0.21,1003.57,6.26,108.15,108.15
395682,497.67,-498.71,-100.42,0.05,-1.39,-0.4,1003.57,6.26,108.15,108.15
395760,476.63,-214.59,-255.22,0.09,-1.28,-0.39,1003.46,6.26,109.04,109.05
395838,498.27,-132.33,-145.02,0.38,-1.1,-0.36,1003.68,6.26,107.26,107.25
395916,501.09,-324.64,90.43,0.47,-0.99,-0.36,1003.68,6.26,107.26,107.26
395992,501.09,-498.71,204.66,0.44,-1.09,-0.16,1003.78,6.26,106.45,106.45
396069,501.09,-498.71,56.52,0.27,-1.27,-0.14,1004,6.26,104.66,104.66
396145,493.84,-498.71,-158.32,0.22,-1.36,-0.26,1004,6.26,104.66,104.66
396223,432.43,-436.71,-287.39,0.08,-1.24,-0.51,1004.11,6.26,103.77,103.77
396301,501.09,61.1,-226.47,0.25,-1.21,-0.56,1004,6.26,104.66,104.66
396377,501.09,16.16,70.67,0.46,-1.23,-0.32,1004.11,6.26,103.77,103.77
396451,501.09,-379.51,240.23,0.35,-1.24,-0.16,1004.22,6.26,102.88,102.88
396528,501.09,-498.71,198.12,0.27,-1.35,-0.12,1004.22,6.26,102.88,102.88
396606,487.01,-498.71,98.23,0.21,-1.27,-0.27,1004.22,6.26,102.88,102.88
396682,501.09,-498.71,37.93,0.24,-1.29,-0.35,1004.44,6.26,101.09,101.09
396758,501.09,-400.79,48.78,0.31,-1.2,-0.3,1004.44,6.26,101.09,101.09
396834,501.09,-498.71,108.12,0.38,-1.18,-0.27,1004.44,6.26,101.09,101.09
396911,501.09,-498.71,114.72,0.37,-1.14,-0.24,1004.55,6.26,100.2,100.2
396987,501.09,-498.71,-12.32,0.34,-1.26,-0.23,1004.66,6.26,99.31,99.31
397063,501.09,-498.71,-208.87,0.26,-1.28,-0.25,1004.66,6.26,99.31,99.31
397139,456.56,-498.71,-310.55,0.18,-1.19,-0.36,1004.76,6.26,98.5,98.5
397215,478.3,-273.77,-273.71,0.14,-1,-0.49,1004.76,6.26,98.5,98.5
397291,501.09,-126.58,-118.39,0.29,-0.95,-0.37,1004.87,6.26,97.61,97.61
397367,501.09,-288.97,58.89,0.35,-1.03,-0.27,1004.93,6.24,97.12,97.12
397441,501.09,-498.71,124.66,0.29,-1.1,-0.23,1004.98,6.26,96.72,96.72
397516,501.09,-498.71,71.47,0.24,-1.2,-0.24,1004.98,6.26,96.72,96.72
397589,501.09,-498.71,7.65,0.25,-1.3,-0.31,1004.98,6.26,96.72,96.72
397663,501.09,-498.71,5.22,0.33,-1.26,-0.33,1005.09,6.26,95.82,95.82
397736,501.09,-498.71,-1.11,0.33,-1.12,-0.25,1005.2,6.26,94.93,94.93
397810,501.09,-498.71,-81.2,0.34,-1.1,-0.23,1005.2,6.26,94.93,94.93
397885,501.09,-498.71,-181.39,0.3,-1.04,-0.31,1005.2,6.26,94.93,94.93
397961,501.09,-498.71,-248.04,0.26,-1.1,-0.41,1005.42,6.26,93.15,93.15
398037,501.09,-498.71,-289.14,0.26,-1.17,-0.37,1005.31,6.26,94.04,94.05
398113,501.09,-498.71,-311.72,0.27,-1.27,-0.32,1005.42,6.26,93.15,93.15
398189,464.34,-426.47,-304.94,0.21,-1.32,-0.41,1005.42,6.26,93.15,93.15
398265,501.09,-137.42,-241.37,0.19,-1.15,-0.42,1005.48,6.24,92.67,92.66
398341,501.09,-30.44,-91.55,0.29,-1.08,-0.36,1005.53,6.26,92.26,92.26
398415,501.09,-176.64,75.25,0.33,-1,-0.26,1005.64,6.26,91.37,91.37
398489,501.09,-433.68,192.17,0.35,-0.98,-0.24,1005.64,6.26,91.37,91.37
398564,501.09,-498.71,233.87,0.35,-1.08,-0.24,1005.74,6.26,90.56,90.56
398639,501.09,-498.71,116.02,0.25,-1.23,-0.19,1005.85,6.26,89.67,89.67
398714,501.09,-498.71,-115.26,0.19,-1.33,-0.21,1005.85,6.26,89.67,89.67
398790,455.18,-498.71,-252.68,0.18,-1.25,-0.41,1005.96,6.26,88.78,88.78
398866,501.09,-351.2,-239.51,0.23,-1.05,-0.53,1005.96,6.26,88.78,88.78
398942,501.09,-240.46,-89.26,0.38,-1.01,-0.4,1006.07,6.26,87.89,87.89
399017,501.09,-498.71,52.35,0.4,-1.01,-0.21,1006.07,6.26,87.89,87.89
399091,501.09,-498.71,47.53,0.32,-1.14,-0.21,1006.18,6.26,87,87
399165,501.09,-498.71,-90.73,0.19,-1.32,-0.25,1006.29,6.26,86.11,86.11
399240,501.09,-498.71,-282.47,0.13,-1.28,-0.3,1006.4,6.26,85.22,85.22
399316,427.1,-495.19,-337.98,0.26,-1.28,-0.45,1006.29,6.26,86.11,86.11
399392,501.09,-272.2,-239.16,0.29,-0.99,-0.51,1006.4,6.26,85.22,85.22
399468,501.09,-300.84,-28.52,0.45,-1.09,-0.41,1006.51,6.26,84.33,84.33
399543,501.09,-498.71,70.2,0.4,-1.17,-0.17,1006.46,6.24,84.73,84.73
399620,501.09,-498.71,-103.25,0.27,-1.24,-0.09,1006.62,6.26,83.44,83.44
399693,399.52,-498.71,-243.62,0.14,-1.18,-0.31,1006.73,6.26,82.55,82.55
399769,443.98,-368.04,-341.55,0.05,-1.14,-0.57,1006.73,6.26,82.55,82.55
399845,501.09,51.82,-230.58,0.31,-1.16,-0.48,1006.73,6.26,82.55,82.55
399919,501.09,-206.94,51.97,0.48,-1.27,-0.21,1006.83,6.26,81.74,81.74
399993,501.09,-498.71,137.64,0.41,-1.22,-0.17,1006.83,6.26,81.74,81.74
400068,501.09,-498.71,68.12,0.25,-1.16,-0.23,1006.94,6.26,80.85,80.85
400142,501.09,-498.71,-85.31,0.18,-1.3,-0.28,1006.94,6.26,80.85,80.85
400217,501.09,-498.71,-166.49,0.25,-1.23,-0.4,1007.05,6.26,79.96,79.96
400293,501.09,-408.12,-124.88,0.3,-1.09,-0.43,1007.16,6.26,79.07,79.07
400369,501.09,-472.62,0.64,0.44,-1.13,-0.37,1007.16,6.26,79.07,79.07
400442,501.09,-498.71,33.91,0.42,-1.28,-0.23,1007.27,6.26,78.18,78.18
400516,501.09,-498.71,-122.41,0.3,-1.32,-0.18,1007.27,6.26,78.18,78.18
400592,466.95,-498.71,-301.04,0.17,-1.42,-0.36,1007.27,6.26,78.18,78.18
400668,448.33,-439.54,-369.88,0.11,-1.21,-0.5,1007.38,6.26,77.3,77.29
400744,501.09,-108.06,-285.34,0.26,-1.1,-0.45,1007.38,6.26,77.3,77.3
400820,501.09,-104.55,-87.84,0.37,-1.08,-0.35,1007.49,6.26,76.41,76.41
400895,501.09,-226.53,98.67,0.37,-1.1,-0.35,1007.49,6.26,76.41,76.41
400969,501.09,-399.28,235.39,0.34,-1.15,-0.31,1007.6,6.26,75.52,75.52
401044,501.09,-498.71,211.59,0.27,-1.28,-0.18,1007.6,6.26,75.52,75.52
401119,501.09,-498.71,65,0.26,-1.34,-0.17,1007.81,6.26,73.82,73.82
401193,501.09,-498.71,-47.17,0.27,-1.26,-0.31,1007.81,6.26,73.82,73.82
401320,501.09,-498.71,-180.32,0.34,-1.22,-0.32,1007.92,6.26,72.93,72.93
401344,501.09,-498.71,-192.78,0.32,-1.12,-0.29,1007.71,6.26,74.63,74.63
401420,501.09,-498.71,-209.91,0.31,-1,-0.3,1007.92,6.26,72.93,72.93
401496,501.09,-498.71,-202.82,0.26,-0.99,-0.39,1007.98,6.24,72.45,72.45
401572,501.09,-398.41,-159.68,0.25,-1.09,-0.36,1007.98,6.24,72.45,72.45
401648,501.09,-419.55,-121.4,0.26,-1.22,-0.28,1008.03,6.26,72.04,72.04
401724,501.09,-490.67,-123.49,0.26,-1.21,-0.29,1008.14,6.26,71.16,71.16
401800,501.09,-456.44,-107.65,0.3,-1.18,-0.38,1008.14,6.26,71.16,71.16
401876,501.09,-440.82,-63.94,0.33,-1.1,-0.35,1008.36,6.26,69.38,69.38
401951,501.09,-498.71,-16.3,0.37,-1.08,-0.29,1008.25,6.26,70.27,70.27
402026,501.09,-498.71,-11.78,0.35,-1.17,-0.29,1008.2,6.24,70.67,70.67
402101,501.09,-498.71,-121.54,0.31,-1.25,-0.23,1008.36,6.26,69.38,69.38
402177,501.09,-498.71,-290.2,0.22,-1.23,-0.26,1008.47,6.26,68.49,68.49
402253,439.64,-498.71,-377.34,0.16,-1.14,-0.44,1008.47,6.26,68.49,68.49
402330,501.09,-315.52,-363.54,0.19,-1.07,-0.52,1008.58,6.26,67.61,67.6
402406,501.09,-144.36,-210.55,0.29,-1.01,-0.37,1008.69,6.26,66.72,66.72
402482,501.09,-337.77,-63.42,0.32,-1.11,-0.26,1008.69,6.26,66.72,66.72
402557,501.09,-498.71,-11.57,0.29,-1.2,-0.3,1008.79,6.26,65.91,65.91
402632,501.09,-486.85,-21.1,0.24,-1.22,-0.36,1008.9,6.26,65.02,65.02
402707,501.09,-445.62,-41.54,0.26,-1.24,-0.3,1008.9,6.26,65.02,65.02
402782,501.09,-498.71,-45.86,0.3,-1.07,-0.21,1008.79,6.26,65.91,65.91
402857,501.09,-498.71,-30.99,0.32,-1.04,-0.31,1009.01,6.26,64.14,64.13
402932,501.09,-498.71,-52.7,0.29,-1.04,-0.31,1009.12,6.26,63.25,63.25
403007,501.09,-498.71,-170.13,0.29,-1.15,-0.23,1009.01,6.26,64.14,64.14
403083,475.99,-498.71,-287.17,0.28,-1.22,-0.35,1009.12,6.26,63.25,63.25
403159,496.3,-498.71,-334.35,0.15,-1.16,-0.53,1009.23,6.26,62.36,62.36
403235,501.09,-160.65,-281.95,0.27,-1.15,-0.43,1009.23,6.26,62.36,62.36
403311,501.09,-288.56,-135.94,0.33,-1.1,-0.27,1009.34,6.26,61.48,61.47
403387,482.13,-491.63,-71.31,0.34,-1.2,-0.31,1009.34,6.26,61.48,61.48
403462,501.09,-483.81,-14.61,0.28,-1.08,-0.44,1009.45,6.26,60.59,60.59
403537,501.09,-429.49,22.86,0.31,-1.22,-0.36,1009.45,6.26,60.59,60.59
403611,501.09,-498.71,-28.3,0.26,-1.21,-0.21,1009.67,6.26,58.82,58.81
403686,501.09,-498.71,-94.64,0.31,-1.21,-0.24,1009.67,6.26,58.82,58.82
403761,501.09,-498.71,-97.22,0.27,-1.07,-0.41,1009.67,6.26,58.82,58.82
403836,501.09,-485.2,-71.48,0.34,-1.27,-0.39,1009.73,6.24,58.33,58.33
403911,501.09,-498.71,-67.22,0.36,-1.21,-0.17,1009.88,6.26,57.12,57.12
403986,501.09,-498.71,-111.78,0.34,-1.21,-0.24,1009.88,6.26,57.12,57.12
404062,501.09,-498.71,-146.76,0.21,-1.12,-0.42,1009.88,6.26,57.12,57.12
404138,501.09,-420.79,-148.52,0.27,-1.03,-0.33,1009.99,6.26,56.24,56.24
404214,501.09,-498.71,-138.68,0.29,-1.04,-0.19,1009.99,6.26,56.24,56.24
404290,468.36,-498.71,-157.86,0.3,-1.06,-0.26,1010.1,6.26,55.35,55.35
404366,501.09,-498.71,-167.19,0.18,-1.04,-0.46,1010.16,6.24,54.87,54.87
404442,501.09,-248.36,-121.66,0.23,-1.07,-0.39,1010.1,6.26,55.35,55.35
404518,501.09,-412.15,-30.46,0.33,-1.2,-0.23,1010.32,6.26,53.58,53.58
404593,501.09,-498.71,1.82,0.36,-1.23,-0.26,1010.27,6.24,53.98,53.98
404666,501.09,-498.71,-31.63,0.25,-1.2,-0.34,1010.32,6.26,53.58,53.58
404741,501.09,-498.71,-147.04,0.25,-1.16,-0.21,1010.32,6.26,53.58,53.58
404817,485.67,-498.71,-236.87,0.29,-1.07,-0.25,1010.54,6.26,51.81,51.8
404893,494.46,-498.71,-232.29,0.25,-1.01,-0.48,1010.43,6.26,52.69,52.7
404969,501.09,-402.65,-183.49,0.32,-1.14,-0.49,1010.54,6.26,51.81,51.81
405045,501.09,-459.11,-137.51,0.38,-1.31,-0.23,1010.65,6.26,50.92,50.92
405121,498.36,-498.71,-199.52,0.29,-1.32,-0.2,1010.65,6.26,50.92,50.92
405197,421.29,-498.71,-223.6,0.16,-1.16,-0.47,1010.86,6.26,49.23,49.23
405274,501.09,-202.15,-211.43,0.18,-1.05,-0.48,1010.86,6.26,49.23,49.23
405354,501.09,-200.32,-73.49,0.37,-1.1,-0.31,1010.86,6.26,49.23,49.23
405425,501.09,-442.1,25.35,0.38,-1.09,-0.26,1010.97,6.26,48.35,48.35
405498,501.09,-498.71,97.74,0.34,-1.22,-0.35,1010.97,6.26,48.35,48.35
405572,501.09,-498.71,49.67,0.28,-1.33,-0.26,1011.08,6.26,47.46,47.46
405646,501.09,-498.71,-88.5,0.26,-1.4,-0.18,1011.08,6.26,47.46,47.46
405721,490.17,-498.71,-147.42,0.3,-1.37,-0.39,1011.14,6.24,46.98,46.98
405797,501.09,-324.17,-103.94,0.29,-1.13,-0.44,1011.19,6.26,46.58,46.58
405873,501.09,-287.11,22.25,0.42,-1.24,-0.26,1011.3,6.26,45.69,45.69
405947,501.09,-498.71,85.85,0.31,-1.21,-0.19,1011.3,6.26,45.69,45.69
406021,501.09,-498.71,36.52,0.26,-1.24,-0.26,1011.3,6.26,45.69,45.69
406095,501.09,-498.71,-102.64,0.22,-1.3,-0.31,1011.52,6.26,43.92,43.92
406171,501.09,-498.71,-230.07,0.26,-1.29,-0.33,1011.52,6.26,43.92,43.92
406247,499.03,-477.07,-206.65,0.29,-1.1,-0.43,1011.52,6.26,43.92,43.92
406323,501.09,-321.25,-82.76,0.31,-0.97,-0.44,1011.47,6.24,44.33,44.33
406398,501.09,-427.08,72.11,0.4,-1.11,-0.31,1011.74,6.26,42.16,42.15
406472,501.09,-498.71,71.5,0.31,-1.28,-0.15,1011.69,6.24,42.56,42.56
406546,501.09,-498.71,-81.98,0.23,-1.24,-0.13,1011.74,6.26,42.16,42.15
406621,437.18,-498.71,-206.23,0.17,-1.23,-0.4,1011.84,6.26,41.35,41.35
406697,501.09,-373.72,-230.04,0.22,-1.09,-0.48,1011.84,6.26,41.35,41.35
406773,501.09,-373.83,-112.42,0.41,-1.14,-0.35,1011.95,6.26,40.47,40.46
406849,501.09,-498.71,-44.59,0.42,-1.1,-0.17,1012.06,6.26,39.58,39.58
406924,501.09,-498.71,-128.53,0.28,-1.2,-0.26,1012.06,6.26,39.58,39.58
407000,501.09,-498.71,-297.05,0.19,-1.22,-0.29,1012.06,6.26,39.58,39.58
407076,430.6,-498.71,-364.13,0.22,-1.2,-0.35,1012.01,6.24,39.98,39.99
407152,455.65,-269.69,-297.89,0.19,-1.08,-0.5,1012.28,6.26,37.82,37.81
407228,501.09,-97.08,-121.19,0.3,-1.09,-0.46,1012.17,6.26,38.7,38.7
407303,501.09,-358.79,47.18,0.38,-1.14,-0.2,1012.39,6.26,36.93,36.93
407377,501.09,-498.71,27.15,0.32,-1.16,-0.13,1012.39,6.26,36.93,36.93
407451,491.91,-498.71,-42.59,0.27,-1.19,-0.31,1012.5,6.26,36.05,36.05
407526,501.09,-498.71,-115.46,0.19,-1.06,-0.41,1012.39,6.26,36.93,36.93
407602,501.09,-498.71,-168.78,0.27,-1.21,-0.38,1012.5,6.26,36.05,36.05
407679,501.09,-498.71,-208.04,0.28,-1.07,-0.24,1012.5,6.26,36.05,36.05
407755,476.98,-498.71,-234.07,0.29,-1.09,-0.34,1012.61,6.26,35.17,35.16
407831,501.09,-498.71,-224.53,0.23,-1.14,-0.51,1012.61,6.26,35.17,35.17
407907,501.09,-263.57,-143.26,0.3,-1.16,-0.41,1012.61,6.26,35.17,35.17
407983,501.09,-498.71,-67.13,0.35,-1.26,-0.18,1012.72,6.26,34.28,34.28
408058,501.09,-498.71,-112.62,0.3,-1.25,-0.22,1012.93,6.26,32.6,32.59
408134,485.09,-498.71,-190.15,0.17,-1.19,-0.44,1012.88,6.24,33,33
408210,501.09,-377.72,-214.55,0.22,-1.07,-0.45,1012.77,6.24,33.88,33.88
408286,501.09,-414.27,-129.34,0.35,-1.1,-0.35,1012.99,6.24,32.11,32.11
408362,501.09,-498.71,-81.45,0.39,-1.17,-0.26,1013.04,6.26,31.71,31.71
408437,501.09,-498.71,-149.05,0.28,-1.18,-0.28,1013.04,6.26,31.71,31.71
408513,501.09,-498.71,-269.42,0.2,-1.27,-0.35,1013.15,6.26,30.83,30.83
408589,463.85,-498.71,-331.14,0.19,-1.14,-0.38,1013.15,6.26,30.83,30.83
408665,470.45,-321.88,-285.6,0.23,-1.04,-0.45,1013.26,6.26,29.95,29.94
408741,501.09,-181.51,-141.6,0.29,-0.99,-0.44,1013.32,6.24,29.46,29.46
408817,501.09,-298.23,28.16,0.34,-1.12,-0.34,1013.26,6.26,29.95,29.95
408891,501.09,-498.71,47.51,0.25,-1.22,-0.19,1013.48,6.26,28.18,28.18
408965,494.34,-498.71,-60.32,0.23,-1.38,-0.25,1013.37,6.26,29.06,29.07
409040,474.77,-498.71,-112.23,0.2,-1.19,-0.37,1013.48,6.26,28.18,28.18
409116,501.09,-326.99,-64.03,0.26,-1.05,-0.38,1013.54,6.24,27.7,27.7
409191,501.09,-428.17,47.39,0.35,-0.97,-0.27,1013.59,6.26,27.3,27.3
409265,501.09,-498.71,113,0.4,-0.93,-0.2,1013.59,6.26,27.3,27.3
409340,501.09,-498.71,23.27,0.36,-1.24,-0.22,1013.65,6.24,26.82,26.82
409414,501.09,-498.71,-263.52,0.21,-1.36,-0.18,1013.65,6.24,26.82,26.82
409490,306.77,-498.71,-461.31,0.15,-1.28,-0.28,1013.81,6.26,25.53,25.53
409566,217.15,-473.31,-458.21,0,-1.07,-0.57,1013.91,6.26,24.73,24.73
409643,501.09,296.71,-359.23,0.16,-0.89,-0.58,1013.81,6.26,25.53,25.54
409718,501.09,252.78,74.22,0.5,-1.08,-0.27,1013.86,6.24,25.13,25.13
409790,501.09,-380.09,353.32,0.37,-1.15,-0.08,1013.97,6.24,24.25,24.25
409866,497.91,-498.71,297.85,0.22,-1.31,-0.1,1014.02,6.26,23.85,23.85
409941,433.33,-498.71,88.74,0.1,-1.24,-0.16,1014.13,6.26,22.97,22.97
410015,404.16,-433.48,-38.26,0.17,-1.08,-0.31,1013.97,6.24,24.25,24.26
410090,501.09,-498.71,64.69,0.4,-1.01,-0.4,1014.19,6.24,22.49,22.48
410164,501.09,-498.71,173.59,0.53,-1.13,-0.28,1014.24,6.26,22.09,22.09
410239,501.09,-498.71,-20.53,0.49,-1.28,-0.04,1014.35,6.26,21.21,21.2
410314,501.09,-498.71,-395.37,0.3,-1.24,-0.14,1014.35,6.26,21.21,21.21
410389,285.82,-498.71,-500.42,0.01,-1.17,-0.41,1014.41,6.24,20.72,20.72
410466,179.18,-312.3,-500.42,0.03,-1,-0.51,1014.41,6.24,20.72,20.72
410542,270.05,-8.59,-439.81,0.19,-1.01,-0.48,1014.46,6.26,20.32,20.32
410616,468.92,189.22,-259.25,0.13,-1.02,-0.58,1014.52,6.24,19.84,19.84
410691,501.09,197.41,47.54,0.32,-1.23,-0.35,1014.52,6.24,19.84,19.84
410764,501.09,25.56,242.64,0.24,-1.35,-0.16,1014.52,6.24,19.84,19.84
410837,402.95,-59.88,274.34,0.2,-1.31,-0.14,1014.63,6.24,18.96,18.96
410911,299.87,-279.04,355.67,0.36,-1.23,-0.15,1014.63,6.24,18.96,18.96
410986,312.62,-498.71,482.66,0.4,-1.13,-0.06,1014.79,6.26,17.68,17.68
411061,465.47,-498.71,461.47,0.35,-1.15,0.05,1014.84,6.24,17.28,17.28
411135,501.09,-498.71,125.38,0.23,-1.29,0.01,1015,6.26,16,15.99
411209,501.09,-498.71,-294.44,0.18,-1.36,-0.18,1014.89,6.26,16.88,16.88
411285,376.68,-498.71,-500.42,0.01,-1.3,-0.54,1015,6.26,16,16
411361,461.15,-216.41,-500.42,0.14,-1.13,-0.59,1015.11,6.26,15.12,15.12
411437,501.09,-55.68,-338.21,0.36,-1.12,-0.42,1015.11,6.26,15.12,15.12
411512,501.09,-274.56,-114.73,0.38,-1.09,-0.32,1015.06,6.24,15.52,15.52
411588,501.09,-295.52,-1.14,0.25,-1.08,-0.38,1015.17,6.24,14.64,14.63
411662,501.09,-168.09,78.55,0.25,-1.25,-0.37,1015.22,6.26,14.24,14.24
411736,501.09,-262.81,147.51,0.24,-1.28,-0.23,1015.28,6.24,13.76,13.75
411811,501.09,-498.71,162.84,0.32,-1.3,-0.2,1015.28,6.24,13.76,13.76
411889,501.09,-498.71,147.71,0.35,-1.19,-0.21,1015.39,6.24,12.88,12.87
411961,501.09,-498.71,54.6,0.33,-1.17,-0.21,1015.28,6.24,13.76,13.76
412035,501.09,-498.71,-97.74,0.32,-1.19,-0.24,1015.39,6.24,12.88,12.87
412110,501.09,-498.71,-249.11,0.28,-1.17,-0.37,1015.5,6.24,12,11.99
412186,501.09,-498.71,-323.98,0.25,-1.11,-0.36,1015.61,6.24,11.11,11.11
412262,501.09,-498.71,-276.93,0.31,-1.12,-0.28,1015.66,6.26,10.72,10.71
412338,444.72,-457.94,-238.46,0.24,-1.15,-0.34,1015.66,6.26,10.72,10.72
412417,487.85,-246,-182.29,0.23,-1.17,-0.44,1015.61,6.24,11.11,11.12
412490,501.09,-163.8,-63.4,0.3,-1.14,-0.4,1015.72,6.24,10.23,10.23
412565,501.09,-408.68,74.02,0.37,-1.19,-0.25,1015.82,6.24,9.43,9.43
412637,501.09,-498.71,103.21,0.37,-1.18,-0.22,1015.88,6.26,8.95,8.95
412710,501.09,-498.71,16.28,0.34,-1.23,-0.24,1015.82,6.24,9.43,9.44
412782,501.09,-498.71,-175.07,0.28,-1.27,-0.25,1015.93,6.24,8.55,8.55
412856,501.09,-498.71,-333.14,0.23,-1.23,-0.35,1015.98,6.26,8.15,8.15
412930,482.33,-498.71,-342.24,0.21,-1.07,-0.45,1016.04,6.24,7.67,7.67
413003,501.09,-344.49,-246.35,0.31,-1.1,-0.47,1015.93,6.24,8.55,8.56
413077,501.09,-344.91,-136.56,0.33,-1.18,-0.34,1016.04,6.24,7.67,7.67
413151,501.09,-427.62,-120.21,0.25,-1.26,-0.27,1016.2,6.26,6.39,6.39
413225,501.09,-460.58,-127.62,0.19,-1.19,-0.34,1016.26,6.24,5.91,5.91
413299,501.09,-387.59,-95.92,0.25,-1.09,-0.41,1016.26,6.24,5.91,5.91
413372,501.09,-367.77,-13.22,0.32,-0.99,-0.37,1016.26,6.24,5.91,5.91
413445,501.09,-498.71,62.9,0.4,-1.12,-0.27,1016.37,6.24,5.04,5.03
413517,501.09,-498.71,18.34,0.34,-1.25,-0.23,1016.37,6.24,5.04,5.04
413589,501.09,-498.71,-131.54,0.23,-1.3,-0.25,1016.37,6.24,5.04,5.04
413663,501.09,-498.71,-271.72,0.2,-1.21,-0.36,1016.37,6.24,5.04,5.04
413737,501.09,-473.78,-291.59,0.24,-1.28,-0.49,1016.59,6.24,3.28,3.27
413811,501.09,-326.44,-181.88,0.36,-1.24,-0.44,1016.48,6.24,4.16,4.16
413885,501.09,-491.81,-22.76,0.42,-1.15,-0.29,1016.59,6.24,3.28,3.27
413958,501.09,-498.71,7.67,0.39,-1.25,-0.22,1016.59,6.24,3.28,3.28
414030,501.09,-498.71,-111.62,0.24,-1.22,-0.19,1016.7,6.24,2.4,2.39
414102,468.33,-498.71,-241.59,0.19,-1.2,-0.28,1016.86,6.26,1.12,1.12
414176,407.68,-498.71,-286.65,0.19,-1.12,-0.44,1016.86,6.26,1.12,1.12
414250,501.09,-252.88,-245.57,0.22,-0.98,-0.47,1016.81,6.24,1.52,1.52
414324,501.09,-238.18,-109.75,0.34,-1.02,-0.31,1016.81,6.24,1.52,1.52
414398,501.09,-498.71,9.93,0.36,-1.12,-0.24,1017.02,6.24,-0.16,-0.16
414471,501.09,-498.71,6.41,0.29,-1.23,-0.29,1017.07,6.26,-0.56,-0.56
414544,501.09,-498.71,-117.26,0.23,-1.21,-0.26,1016.91,6.24,0.72,0.72
414618,501.09,-498.71,-259.57,0.24,-1.19,-0.29,1017.02,6.24,-0.16,-0.16
414694,497.2,-498.71,-332.96,0.24,-1.14,-0.44,1017.18,6.26,-1.44,-1.44
414770,501.09,-498.71,-331.33,0.25,-1.12,-0.48,1017.13,6.24,-1.04,-1.04
414846,501.09,-482.2,-279.14,0.34,-1.15,-0.32,1017.13,6.24,-1.04,-1.04
414922,501.09,-498.71,-243.92,0.29,-1.13,-0.31,1017.24,6.24,-1.92,-1.92
414998,501.09,-482.65,-223.92,0.21,-1.09,-0.42,1017.24,6.24,-1.92,-1.92
415074,501.09,-256.26,-167.39,0.24,-1.18,-0.43,1017.35,6.24,-2.8,-2.8
415150,501.09,-287.89,-70.35,0.3,-1.2,-0.31,1017.35,6.24,-2.8,-2.8
415225,501.09,-467.34,-30.71,0.3,-1.18,-0.24,1017.46,6.24,-3.67,-3.68
415300,501.09,-498.71,-35.59,0.29,-1.14,-0.29,1017.35,6.24,-2.8,-2.79
415375,501.09,-498.71,-40,0.31,-1.16,-0.35,1017.57,6.24,-4.55,-4.56
415450,501.09,-498.71,-77.78,0.28,-1.05,-0.28,1017.57,6.24,-4.55,-4.55
415525,501.09,-498.71,-157.81,0.31,-1.17,-0.27,1017.57,6.24,-4.55,-4.55
415601,501.09,-498.71,-231.1,0.25,-1.15,-0.34,1017.57,6.24,-4.55,-4.55
415677,501.09,-498.71,-270.61,0.19,-1.15,-0.43,1017.68,6.24,-5.43,-5.43
415753,501.09,-406.41,-253.05,0.25,-1.14,-0.37,1017.89,6.24,-7.11,-7.11
415830,501.09,-437.14,-201,0.28,-1.09,-0.32,1017.79,6.24,-6.31,-6.31
415906,501.09,-498.71,-153.88,0.27,-1.03,-0.37,1017.89,6.24,-7.11,-7.11
415982,501.09,-455.78,-102.03,0.24,-1.08,-0.42,1017.89,6.24,-7.11,-7.11
416058,501.09,-460.64,-69.43,0.27,-1.22,-0.27,1018,6.24,-7.99,-7.99
416133,501.09,-498.71,-112.56,0.26,-1.33,-0.12,1018,6.24,-7.99,-7.99
416209,489.52,-498.71,-154.9,0.31,-1.47,-0.23,1018,6.24,-7.99,-7.99
416285,501.09,-498.71,-187.63,0.21,-1.12,-0.36,1017.89,6.24,-7.11,-7.11
416361,501.09,-275.83,-75.36,0.39,-0.89,-0.24,1018.11,6.24,-8.86,-8.87
416436,472.3,-498.71,178.37,0.62,-0.89,-0.13,1018.22,6.24,-9.74,-9.74
416511,501.09,-498.71,347.73,0.33,-1.27,-0.35,1018.22,6.24,-9.74,-9.74
416586,501.09,-498.71,-271.62,0.32,-1.73,0.22,1018.22,6.24,-9.74,-9.74
416661,242.69,-498.71,-500.42,0.05,-1.22,-0.27,1018.33,6.24,-10.62,-10.62
416739,171.68,-498.71,-500.42,0.01,-0.93,-0.58,1018.33,6.24,-10.62,-10.62
416817,247.14,-124.62,-500.42,0.2,-0.75,-0.4,1018.33,6.24,-10.62,-10.62
416895,449.12,-97.54,-230.76,0.42,-0.97,-0.49,1018.44,6.24,-11.5,-11.5
416972,501.09,72.77,223.74,0.48,-1.44,-0.48,1018.55,6.24,-12.37,-12.37
417047,501.09,-2.64,-211.66,2,-2,-0.58,1018.66,6.24,-13.25,-13.25
417123,-344.64,-53.31,236.34,-0.83,-0.13,-1.46,1018.55,6.24,-12.37,-12.37
417201,-200.24,-24.82,-30.68,-0.56,-0.86,-2,1018.55,6.24,-12.37,-12.37
417280,109.2,255.38,-50.61,0.66,-0.81,-0.49,1018.66,6.24,-13.25,-13.25
417356,-27.7,-34.23,27.35,0.36,-0.88,-0.41,1018.55,6.24,-12.37,-12.37
417431,9.98,10.8,0.12,0.65,-0.83,-0.22,1018.55,6.24,-12.37,-12.37
417501,1.75,-7.08,-0.15,0.61,-0.82,-0.24,1018.6,6.26,-12.77,-12.77
417573,1.94,3.94,1.12,0.56,-0.84,-0.31,1018.55,6.24,-12.37,-12.37
417643,-0.24,4.4,-0.15,0.57,-0.84,-0.27,1018.55,6.24,-12.37,-12.37
417715,-1.44,-1.66,-0.18,0.56,-0.84,-0.3,1018.66,6.24,-13.25,-13.25
417788,-1.12,-2.52,1.19,0.56,-0.84,-0.28,1018.55,6.24,-12.37,-12.37
417860,-0.56,0.43,0.38,0.55,-0.84,-0.32,1018.55,6.24,-12.37,-12.37
417931,0.19,-1.34,2.16,0.57,-0.84,-0.28,1018.66,6.24,-13.25,-13.25
418001,-0.27,-0.58,0.35,0.54,-0.84,-0.33,1018.55,6.24,-12.37,-12.37
418073,-0.51,-1.11,0.84,0.56,-0.84,-0.3,1018.66,6.24,-13.25,-13.25
418145,-0.76,1.33,1.09,0.55,-0.84,-0.32,1018.55,6.24,-12.37,-12.37
418216,0.78,-0.47,-0.47,0.55,-0.84,-0.31,1018.66,6.24,-13.25,-13.25
418301,0.27,0.08,0.69,0.55,-0.84,-0.31,1018.55,6.24,-12.37,-12.37
418358,-1.83,-1.34,0.09,0.56,-0.84,-0.3,1018.55,6.24,-12.37,-12.37
418429,-0.12,-1,1.3,0.55,-0.84,-0.3,1018.55,6.24,-12.37,-12.37
418501,-1,-2.03,0.74,0.55,-0.84,-0.31,1018.55,6.24,-12.37,-12.37
418573,-0.21,-0.29,1.01,0.56,-0.84,-0.31,1018.55,6.24,-12.37,-12.37
418645,-0.47,-1.81,1.1,0.56,-0.84,-0.32,1018.55,6.24,-12.37,-12.37
418717,0.2,-0.62,3.03,0.54,-0.84,-0.31,1018.66,6.24,-13.25,-13.25
418788,2.17,-0.78,0,0.55,-0.84,-0.31,1018.66,6.24,-13.25,-13.25
418859,1.24,-1.68,1.76,0.55,-0.84,-0.31,1018.55,6.24,-12.37,-12.37
418929,0.01,0.25,0.55,0.55,-0.84,-0.32,1018.55,6.24,-12.37,-12.37
418999,-0.88,0.2,0.43,0.54,-0.84,-0.32,1018.66,6.24,-13.25,-13.25
419070,1.17,-0.56,1.59,0.56,-0.85,-0.3,1018.55,6.24,-12.37,-12.37
419145,-0.88,-2.23,1.16,0.55,-0.84,-0.31,1018.55,6.24,-12.37,-12.37
419213,-0.51,1.87,0.81,0.55,-0.84,-0.31,1018.55,6.24,-12.37,-12.37
419284,0.14,-1.13,-0.27,0.56,-0.83,-0.31,1018.55,6.24,-12.37,-12.37
419356,0.1,0.74,0.89,0.55,-0.83,-0.3,1018.55,6.24,-12.37,-12.37
419425,0.08,-2.32,1.07,0.55,-0.85,-0.3,1018.66,6.24,-13.25,-13.25
419496,-0.93,0.14,0.93,0.56,-0.83,-0.31,1018.55,6.24,-12.37,-12.37
419567,-1,-1.34,0.63,0.56,-0.84,-0.3,1018.55,6.24,-12.37,-12.37
419639,0.27,-0.42,0.6,0.56,-0.84,-0.31,1018.66,6.24,-13.25,-13.25
419710,-1.03,-1.17,1.1,0.55,-0.84,-0.31,1018.55,6.24,-12.37,-12.37
419782,0.27,-0.96,0.95,0.55,-0.84,-0.3,1018.55,6.24,-12.37,-12.37
419852,0.23,-0.97,0.08,0.55,-0.84,-0.31,1018.55,6.24,-12.37,-12.37
419923,2.08,0.86,1.88,0.56,-0.84,-0.31,1018.55,6.24,-12.37,-12.37
419993,-0.57,-0.47,0.37,0.55,-0.84,-0.29,1018.55,6.24,-12.37,-12.37
